"path","area","classification","reason","markers","incoming_count","direct_importers","type_importers","dynamic_importers","direct_imports","type_imports","dynamic_imports"
"features/catalog/slugResolver.ts","Catalog","compatibility","Active read/migration adapter preserves legacy data compatibility","legacy","2","features/catalog/specSchema.ts; tests/site-catalog-slugResolver.test.ts","","","features/catalog/categories.ts","",""
"features/catalog/specSchema.ts","Catalog","false-positive","Marker is descriptive terminology, API annotation, or unrelated compatibility note","legacy","1","tests/site-catalog-specSchema.test.ts","","","features/catalog/slugResolver.ts; lib/assetPaths.ts","features/catalog/getProducts.ts",""
"components/backend-architecture/BackendArchitecturePageView.tsx","Components","false-positive","Marker is descriptive terminology, API annotation, or unrelated compatibility note","legacy","1","app/(site)/backend-architecture/page.tsx","","","components/backend-architecture/BackendArchitecturePageView.module.css","",""
"components/repo-store/RepoStorePageView.tsx","Components","stale","tldraw-era contract/comment remains in a referenced module","deprecated; legacy; stub; tldraw","1","app/(site)/repo-store/page.tsx","","","components/repo-store/RepoStorePageView.module.css","",""
"config/build/eslint.config.mjs","Configuration","protected","Repository rules require approval before modification","deprecated","0","","","","","",""
"config/build/next.config.js","Configuration","protected","Repository rules require approval before modification","legacy","1","next.config.js","","","","",""
"config/database/types/database.admin.types.ts","Configuration","generated","Generated schema/type artifact; marker is generator output","tldraw","0","","","","","",""
"config/database/types/database.types.ts","Configuration","generated","Generated schema/type artifact; marker is generator output","legacy","0","","","","","",""
"features/planner/admin/AdminAnalyticsPageView.tsx","Planner","stale","Stub/disabled behavior remains wired","stub","1","app/admin/analytics/page.tsx","","","","",""
"features/planner/admin/AdminCatalogPageView.tsx","Planner","stale","Stub/disabled behavior remains wired","stub","1","app/admin/catalog/page.tsx","","","","",""
"features/planner/admin/AdminDashboardPageView.tsx","Planner","stale","Stub/disabled behavior remains wired","stub","1","app/admin/page.tsx","","","","",""
"features/planner/admin/AdminFeatureFlagsPageView.tsx","Planner","stale","Stub/disabled behavior remains wired","stub","1","app/admin/features/page.tsx","","","","",""
"features/planner/admin/AdminLayoutShell.tsx","Planner","stale","Stub/disabled behavior remains wired","stub","1","app/admin/layout.tsx","","","","",""
"features/planner/admin/BuddyCatalogPageView.tsx","Planner","stale","Stub/disabled behavior remains wired","stub","1","app/admin/buddy-catalog/page.tsx","","","","",""
"features/planner/admin/ConfiguratorCatalogPageView.tsx","Planner","stale","Stub/disabled behavior remains wired","stub","1","app/admin/planner-catalog/page.tsx","","","","",""
"features/planner/ai/AiAdvisorChat.tsx","Planner","false-positive","Marker is descriptive terminology, API annotation, or unrelated compatibility note","legacy","1","features/planner/ai/index.ts","","","features/planner/ai/AiAdvisorChatPane.tsx","",""
"features/planner/ai/applySuggestedLayout.ts","Planner","canonical","Active implementation; marker does not identify a competing owner","","3","features/planner/ai/AIAssistDrawer.tsx; features/planner/ai/index.ts; tests/applySuggestedLayout.test.ts","","","features/planner/canvas-fabric/index.ts; features/planner/catalog/catalogBlockBridge.ts; features/planner/catalog/placementCatalogResolver.ts; features/planner/catalog/workspaceCatalog.ts","features/planner/ai/types.ts; features/planner/editor/plannerShapeFactories.ts",""
"features/planner/ai/extractCanvasPlacements.ts","Planner","canonical","Active implementation; marker does not identify a competing owner","","3","features/planner/ai/AIAssistDrawer.tsx; features/planner/ai/AiAdvisorChatPane.tsx; features/planner/ai/index.ts","","","features/planner/canvas-fabric/index.ts","features/planner/ai/types.ts",""
"features/planner/ai/prompts.ts","Planner","stale","tldraw-era contract/comment remains in a referenced module","legacy; tldraw","3","app/api/planner/ai-advisor/route.ts; features/planner/ai/index.ts; features/planner/ai/spaceSuggest.ts","","","features/planner/catalog/shapeTypeRegistry.ts","features/planner/ai/types.ts",""
"features/planner/canvas-fabric/hooks/fabricDrawTools.ts","Planner","canonical","Fabric is the canonical 2D runtime; marker records migration/type debt","","1","features/planner/canvas-fabric/hooks/floorplanCanvas.ts","","","features/planner/canvas-fabric/fabricDrawToolTypes.ts; features/planner/canvas-fabric/fabricObjectUtils.ts","features/planner/canvas-fabric/fabricDrawToolTypes.ts",""
"features/planner/canvas-fabric/hooks/floorplanCanvas.ts","Planner","canonical","Fabric is the canonical 2D runtime; marker records migration/type debt","@ts-nocheck; legacy","2","features/planner/canvas-fabric/FloorplanCanvas.tsx; features/planner/canvas-fabric/index.ts","","","features/planner/canvas-fabric/fabricDrawToolTypes.ts; features/planner/canvas-fabric/fabricObjectUtils.ts; features/planner/canvas-fabric/hooks/fabricDrawTools.ts; features/planner/canvas-fabric/lib/formatDate.ts; features/planner/canvas-fabric/lib/helpers.ts","features/planner/canvas-fabric/context/FloorplanContext.tsx; features/planner/canvas-fabric/fabricDrawToolTypes.ts; features/planner/store/workspaceStore.ts",""
"features/planner/canvas-fabric/index.ts","Planner","canonical","Fabric is the canonical 2D runtime; marker records migration/type debt","","18","features/planner/ai/AIAssistDrawer.tsx; features/planner/ai/applySuggestedLayout.ts; features/planner/ai/extractCanvasPlacements.ts; features/planner/document/plannerDocumentBridge.ts; features/planner/editor/LayerManagerPanel.tsx; features/planner/editor/LayerVisibilityPanel.tsx; features/planner/editor/PlannerSubTopBar.tsx; features/planner/editor/PlannerWorkspace.tsx; features/planner/editor/editorSelectionStatus.ts; features/planner/editor/exportActions.ts; features/planner/editor/layerVisibility.ts; features/planner/editor/planMetrics.ts; features/planner/editor/shapeInspectorBridge.ts; features/planner/hooks/useFabricPlannerState.ts; features/planner/lib/applyRoomPreset.ts; features/planner/lib/compliance.ts; features/planner/lib/documentBridge.ts; tests/planner-fabric-mockRuntime.ts","","","features/planner/canvas-fabric/FabricCanvasContextMenu.tsx; features/planner/canvas-fabric/FabricCanvasSubToolbar.tsx; features/planner/canvas-fabric/FabricCanvasWorkspace.tsx; features/planner/canvas-fabric/FabricDrawToolsBar.tsx; features/planner/canvas-fabric/FabricLibraryPanel.tsx; features/planner/canvas-fabric/FloorplanCanvas.tsx; features/planner/canvas-fabric/RoomPresetsModal.tsx; features/planner/canvas-fabric/context/FloorplanContext.tsx; features/planner/canvas-fabric/fabricSceneUtils.ts; features/planner/canvas-fabric/fabricToViewerShapes.ts; features/planner/canvas-fabric/hooks/floorplanCanvas.ts; features/planner/canvas-fabric/models/furnishings.ts; features/planner/canvas-fabric/plannerRuntime.ts","features/planner/canvas-fabric/fabricDrawToolTypes.ts",""
"features/planner/canvas-fabric/lib/helpers.ts","Planner","canonical","Fabric is the canonical 2D runtime; marker records migration/type debt","@ts-nocheck","4","features/planner/canvas-fabric/components/ChairsLayoutDialog.tsx; features/planner/canvas-fabric/components/PreviewFurniture.tsx; features/planner/canvas-fabric/hooks/floorplanCanvas.ts; features/planner/canvas-fabric/models/furnishings.ts","","","","",""
"features/planner/catalog/catalogBlockBridge.ts","Planner","false-positive","Marker is descriptive terminology, API annotation, or unrelated compatibility note","legacy","16","features/planner/ai/applySuggestedLayout.ts; features/planner/ai/layoutPreviewBounds.ts; features/planner/ai/spaceSuggest.ts; features/planner/catalog/CatalogBlockPreview.tsx; features/planner/catalog/catalogDrop.ts; features/planner/catalog/catalogHierarchy.ts; features/planner/catalog/placementCatalogResolver.ts; features/planner/editor/PlannerWorkspace.tsx; features/planner/editor/exportActions.ts; features/planner/editor/layerManagerEntries.ts; features/planner/shared/boq/buildBoq.ts; features/planner/shared/export/pdfExport.ts; tests/applySuggestedLayout.test.ts; tests/planner-catalog-components.test.tsx; tests/planner-catalogBlockBridge.test.ts; tests/planner-svg-qa.test.ts","","","features/planner/catalog/furnitureBlocks2d.ts; features/planner/catalog/shapeTypeRegistry.ts; features/planner/catalog/workspaceCatalog.ts; lib/catalog/blocks2d.ts","features/planner/catalog/catalogTypes.ts; features/planner/store/catalogData.ts; lib/catalog/types.ts",""
"features/planner/catalog/catalogTypes.ts","Planner","compatibility","Deprecated forwarding surface retained for import compatibility","deprecated","28","features/planner/catalog/CatalogPanel.tsx; features/planner/catalog/index.ts; features/planner/catalog/workspaceCatalog.ts","features/planner/ai/catalogMatch.ts; features/planner/ai/spaceSuggest.ts; features/planner/canvas-fabric/plannerRuntime.ts; features/planner/catalog/CatalogBlockPreview.tsx; features/planner/catalog/CatalogDropGhost.tsx; features/planner/catalog/catalogBlockBridge.ts; features/planner/catalog/catalogDrop.ts; features/planner/catalog/catalogHierarchy.ts; features/planner/catalog/catalogStore.ts; features/planner/catalog/generatedCatalogItems.ts; features/planner/catalog/ingest/csvCatalogIngest.ts; features/planner/catalog/placementCatalogResolver.ts; features/planner/editor/PlannerLeftPanel.tsx; features/planner/editor/PlannerWorkspace.tsx; features/planner/editor/plannerShapeFactories.ts; features/planner/onboarding/projectSetup.ts; features/planner/viewer/InstancedFurnitureRenderer.tsx; features/planner/viewer/PlannerViewer.tsx; features/planner/viewer/plannerSceneSync.ts; features/planner/viewer/viewerMaterials.ts; tests/catalogHierarchy.test.ts; tests/planner-catalog-catalogHierarchy.test.ts; tests/planner-catalog-components.test.tsx; tests/planner-catalog-drop.test.ts; tests/planner-catalogBlockBridge.test.ts","","","",""
"features/planner/catalog/furnitureBlocks2d.ts","Planner","canonical","Active implementation; marker does not identify a competing owner","tldraw","1","features/planner/catalog/catalogBlockBridge.ts","","","","features/planner/store/catalogData.ts",""
"features/planner/catalog/placementCatalogDefaults.ts","Planner","stale","tldraw-era contract/comment is unreferenced","legacy; tldraw","0","","","","","",""
"features/planner/catalog/placementCatalogResolver.ts","Planner","compatibility","Active read/migration adapter preserves legacy data compatibility","legacy","3","features/planner/ai/applySuggestedLayout.ts; features/planner/editor/PlannerWorkspace.tsx; tests/planner-catalog-placementCatalogResolver.test.ts","","","features/planner/catalog/catalogBlockBridge.ts; features/planner/catalog/shapeTypeRegistry.ts; features/planner/catalog/workspaceCatalog.ts; features/planner/store/catalogData.ts","features/planner/catalog/catalogTypes.ts; features/planner/store/catalogData.ts",""
"features/planner/catalog/plannerCatalogCore.ts","Planner","compatibility","Active read/migration adapter preserves legacy data compatibility","legacy","3","tests/planner-catalog-plannerCatalogCore.test.ts","features/planner/catalog/plannerManagedProducts.ts; features/planner/catalog/plannerManagedProductsShared.ts","","lib/assetPaths.ts","features/planner/shared/types/planner.ts; lib/getProducts.ts",""
"features/planner/catalog/plannerManagedProductsShared.ts","Planner","compatibility","Active read/migration adapter preserves legacy data compatibility","legacy","3","features/planner/catalog/plannerManagedProducts.client.ts; features/planner/catalog/plannerManagedProducts.ts; tests/planner-catalog-managedProducts.test.ts","","","features/planner/model/index.ts","features/planner/catalog/plannerCatalogCore.ts",""
"features/planner/catalog/shapeTypeRegistry.ts","Planner","compatibility","Active read/migration adapter preserves legacy data compatibility","legacy","10","features/planner/ai/prompts.ts; features/planner/catalog/CatalogPanel.tsx; features/planner/catalog/catalogBlockBridge.ts; features/planner/catalog/ingest/csvCatalogIngest.ts; features/planner/catalog/placementCatalogResolver.ts; features/planner/editor/PlannerWorkspace.tsx; features/planner/editor/templates/TemplatePickerModal.tsx; tests/planner-catalog-components.test.tsx; tests/planner-catalog-shapeTypeRegistry.test.ts; tests/planner-shapeTypeRegistry.test.ts","","","","",""
"features/planner/CONTENTS.md","Planner","stale","tldraw-era contract/comment is unreferenced","tldraw","0","","","","","",""
"features/planner/editor/BlueprintMoveCapture.tsx","Planner","stale","Legacy/stub implementation has no resolved active-source importer","stub","0","","","","","",""
"features/planner/editor/CalibrationCapture.tsx","Planner","stale","Legacy/stub implementation has no resolved active-source importer","stub","0","","","","","",""
"features/planner/editor/chrome/plannerChromeStorage.ts","Planner","compatibility","Active read/migration adapter preserves legacy data compatibility","legacy","5","features/planner/editor/PlannerWorkspace.tsx; features/planner/editor/chrome/PlannerChromeWidget.tsx; features/planner/editor/plannerChromeDock.ts; tests/planner-chrome-layout.test.ts; tests/planner-editor-plannerChromeDock.test.ts","","","features/planner/editor/chrome/plannerChromeLayout.ts","features/planner/editor/chrome/plannerChromeTypes.ts",""
"features/planner/editor/chrome/plannerChromeTypes.ts","Planner","false-positive","Marker is descriptive terminology, API annotation, or unrelated compatibility note","legacy","4","","features/planner/editor/chrome/PlannerChromeWidget.tsx; features/planner/editor/chrome/plannerChromeLayout.ts; features/planner/editor/chrome/plannerChromeStorage.ts; features/planner/editor/plannerChromeDock.ts","","","",""
"features/planner/editor/CONTENTS.md","Planner","stale","Legacy/stub implementation has no resolved active-source importer","tldraw","0","","","","","",""
"features/planner/editor/plannerChromeDock.ts","Planner","false-positive","Marker is descriptive terminology, API annotation, or unrelated compatibility note","legacy","1","tests/planner-editor-plannerChromeDock.test.ts","","","features/planner/editor/chrome/plannerChromeLayout.ts; features/planner/editor/chrome/plannerChromeStorage.ts","features/planner/editor/chrome/plannerChromeTypes.ts",""
"features/planner/editor/plannerShapeFactories.ts","Planner","stale","Legacy/stub implementation is still referenced and requires migration","stub; tldraw","1","","features/planner/ai/applySuggestedLayout.ts","","","features/planner/catalog/catalogTypes.ts; features/planner/templates/layoutTemplates.ts; features/planner/viewer/PlannerViewer.tsx",""
"features/planner/editor/PlannerWorkspace.tsx","Planner","stale","Stub/disabled behavior remains wired","legacy; not yet available; tldraw","4","features/planner/index.ts; features/planner/ui/UnifiedPlannerPage.tsx; tests/planner-editor-PlannerWorkspace.test.tsx","","features/planner/ui/PlannerWorkspaceRoute.tsx","features/planner/canvas-fabric/index.ts; features/planner/catalog/CatalogDropFlash.tsx; features/planner/catalog/CatalogDropGhost.tsx; features/planner/catalog/catalogBlockBridge.ts; features/planner/catalog/catalogStore.ts; features/planner/catalog/placementCatalogResolver.ts; features/planner/catalog/shapeTypeRegistry.ts; features/planner/components/WorkspaceThemeProvider.tsx; features/planner/editor/BlueprintPanel.tsx; features/planner/editor/ExportModal.tsx; features/planner/editor/LayerManagerPanel.tsx; features/planner/editor/LayerVisibilityPanel.tsx; features/planner/editor/PlannerLeftPanel.tsx; features/planner/editor/PlannerMobileDock.tsx; features/planner/editor/PlannerStatusBar.tsx; features/planner/editor/PlannerStepBar.tsx; features/planner/editor/PlannerSubTopBar.tsx; features/planner/editor/PlannerTopBar.tsx; features/planner/editor/PlannerWorkflowPanel.tsx; features/planner/editor/chrome/PlannerChromeHost.tsx; features/planner/editor/chrome/plannerChromeStorage.ts; features/planner/editor/inspector/PropertiesInspector.tsx; features/planner/editor/plannerKeyboardShortcuts.ts; features/planner/editor/plannerStep.ts; features/planner/editor/plannerStepBindings.ts; features/planner/editor/templates/TemplatePickerModal.tsx; features/planner/editor/usePlannerPanels.ts; features/planner/hooks/useFabricPlannerState.ts; features/planner/hooks/usePlannerFabricAutosave.ts; features/planner/lib/fabricDocumentBridge.ts; features/planner/lib/measurements.ts; features/planner/lib/sessionState.ts; features/planner/model/index.ts; features/planner/persistence/cloudPlanHydration.ts; features/planner/persistence/plannerDraft.ts; features/planner/persistence/plannerImport.ts; features/planner/shared/components/SplitViewLayout.tsx; features/planner/store/plannerStore.ts; features/planner/store/plannerUIStore.ts; features/planner/store/workspaceStore.ts; features/planner/ui/PlannerSessionDialog.tsx; features/planner/ui/PlannerSkeleton.tsx; features/planner/viewer/PlannerViewer.tsx","features/planner/catalog/catalogTypes.ts; features/planner/templates/layoutTemplates.ts; features/planner/viewer/PlannerViewer.tsx",""
"features/planner/editor/resetPlannerCanvas.ts","Planner","stale","Legacy/stub implementation is still referenced and requires migration","stub","2","features/planner/editor/PlannerHistoryControls.tsx; tests/planner-editor-pure.test.ts","","","","",""
"features/planner/hooks/usePlannerWorkspace.ts","Planner","stale","Type-check suppression on unreferenced migration-era module","@ts-nocheck; legacy; stub; tldraw","0","","","","features/planner/hooks/usePlannerUiState.ts; features/planner/lib/compliance.ts; features/planner/lib/documentBridge.ts; features/planner/lib/editorTools.ts; features/planner/lib/measurements.ts; features/planner/lib/quoteBridge.ts; features/planner/lib/sessionState.ts; features/planner/model/index.ts; features/planner/shared/types/legacyEditorStub.ts","features/planner/shared/types/planner.ts",""
"features/planner/lib/documentBridge.ts","Planner","compatibility","Active read/migration adapter preserves legacy data compatibility","deprecated; tldraw","7","features/planner/3d/types.ts; features/planner/admin/AdminPlanDetailPageView.tsx; features/planner/hooks/usePlannerWorkspace.ts; features/planner/lib/fabricDocumentBridge.ts; features/planner/persistence/cloudPlanHydration.ts; features/planner/portal/PortalPlanPageView.tsx; tests/planner-lib-documentBridge.test.ts","","","features/planner/canvas-fabric/index.ts; features/planner/lib/fabricDocumentBridge.ts","features/planner/lib/measurements.ts; features/planner/model/index.ts",""
"features/planner/lib/editorTools.ts","Planner","stale","Legacy/stub implementation is still referenced and requires migration","@ts-nocheck; legacy; stub; tldraw","5","features/planner/hooks/usePlannerWorkspace.ts; tests/planner-lib-editorTools.test.ts","features/planner/ui/InspectorPanel.tsx; features/planner/ui/PlannerDesktopPanels.tsx; features/planner/ui/PlannerMobilePanels.tsx","","features/planner/shared/types/legacyEditorStub.ts","features/planner/shared/types/planner.ts",""
"features/planner/lib/featureFlags.ts","Planner","stale","tldraw-era contract/comment remains in a referenced module","tldraw","4","app/api/admin/features/route.ts; tests/planner-lib-branches.test.ts; tests/planner-lib-featureFlags.test.ts","app/api/admin/features/route.ts","","","",""
"features/planner/lib/geometry/openingCollision.ts","Planner","stale","Legacy/stub implementation is still referenced and requires migration","stub; tldraw","1","tests/planner-openingCollision.test.ts","","","features/planner/lib/geometry/wallOpenings.ts","",""
"features/planner/lib/geometry/types.ts","Planner","canonical","Active implementation; marker does not identify a competing owner","tldraw","5","","features/planner/lib/geometry/index.ts; features/planner/lib/geometry/intersections.ts; features/planner/lib/geometry/polygon.ts; features/planner/lib/geometry/snap.ts; features/planner/lib/geometry/wallGraph.ts","","","",""
"features/planner/lib/geometry/wallOpenings.ts","Planner","stale","tldraw-era contract/comment remains in a referenced module","tldraw","4","features/planner/lib/geometry/openingCollision.ts; features/planner/viewer/FixtureMeshes.tsx; tests/planner-lib-wallOpenings.test.ts","tests/planner-openingCollision.test.ts","","","",""
"features/planner/lib/lightingPresets.ts","Planner","false-positive","Marker is descriptive terminology, API annotation, or unrelated compatibility note","deprecated","3","tests/planner-lib-presets.test.ts","features/planner/store/plannerStore.ts; features/planner/store/plannerTypes.ts","","","",""
"features/planner/lib/measurements.ts","Planner","false-positive","Marker is descriptive terminology, API annotation, or unrelated compatibility note","legacy; stub","12","features/planner/catalog/RoomPresetsPanel.tsx; features/planner/editor/PlannerWorkspace.tsx; features/planner/hooks/usePlannerSession.ts; features/planner/hooks/usePlannerWorkspace.ts; features/planner/ui/CatalogPanel.tsx; features/planner/ui/InspectorPanel.tsx; features/planner/ui/LayersPanel.tsx; tests/planner-lib-measurements.test.ts","features/planner/editor/PlannerLeftPanel.tsx; features/planner/hooks/usePlannerUiState.ts; features/planner/lib/documentBridge.ts; features/planner/lib/fabricDocumentBridge.ts","","features/planner/lib/calibrationScale.ts","features/planner/model/index.ts; features/planner/shared/types/legacyEditorStub.ts; features/planner/shared/types/planner.ts",""
"features/planner/lib/plannerSvgExportColors.ts","Planner","stale","tldraw-era contract/comment remains in a referenced module","tldraw","1","tests/planner-svg-export-colors.test.ts","","","lib/catalog/resolveBlockColors.ts","",""
"features/planner/model/plannerDocumentLogging.ts","Planner","compatibility","Active read/migration adapter preserves legacy data compatibility","tldraw","3","features/planner/lib/fabricDocumentBridge.ts; features/planner/model/plannerDocument.ts; tests/planner-model-plannerDocumentLogging.test.ts","","","","",""
"features/planner/model/plannerIdentity.ts","Planner","stale","tldraw-era contract/comment remains in a referenced module","tldraw","6","features/planner/model/index.ts; tests/planner-model-plannerIdentity.test.ts","features/planner/model/index.ts; features/planner/model/plannerEnvelope.ts; features/planner/model/plannerPermissions.ts; features/planner/model/plannerPlacement.ts","","","",""
"features/planner/model/plannerJsonSafe.ts","Planner","stale","tldraw-era contract/comment remains in a referenced module","tldraw","4","features/planner/document/plannerDocumentBridge.ts; features/planner/model/index.ts; features/planner/model/plannerDocument.ts; tests/planner-model-plannerJsonSafe.test.ts","","","","features/planner/model/plannerDocument.ts",""
"features/planner/model/plannerManagedProduct.ts","Planner","compatibility","Active read/migration adapter preserves legacy data compatibility","legacy","3","features/planner/model/index.ts","features/planner/model/index.ts; features/planner/model/plannerPlacement.ts","","","",""
"features/planner/persistence/cloudPlanHydration.ts","Planner","compatibility","Active read/migration adapter preserves legacy data compatibility","tldraw","1","features/planner/editor/PlannerWorkspace.tsx","","","features/planner/lib/documentBridge.ts; features/planner/persistence/persistence.ts; features/planner/persistence/plannerSession.ts","features/planner/model/plannerDocument.ts",""
"features/planner/persistence/persistence.ts","Planner","compatibility","Deprecated forwarding surface retained for import compatibility","deprecated; legacy; tldraw","4","features/planner/hooks/usePlannerFabricAutosave.ts; features/planner/persistence/cloudPlanHydration.ts; tests/planner-guestToAuthMigration.test.ts; tests/plannerAutosaveIdentity.test.tsx","","","","",""
"features/planner/portal/PortalPlanPageView.tsx","Planner","compatibility","Active read/migration adapter preserves legacy data compatibility","tldraw","1","app/(site)/portal/[id]/page.tsx","","","features/planner/lib/documentBridge.ts","features/planner/model/index.ts",""
"features/planner/shared/document/types.ts","Planner","false-positive","Marker is descriptive terminology, API annotation, or unrelated compatibility note","deprecated; legacy","2","features/planner/shared/document/index.ts","features/planner/shared/document/documentBridge.ts","","","",""
"features/planner/shared/types/legacyEditorStub.ts","Planner","stale","Legacy/stub implementation is still referenced and requires migration","legacy; stub; tldraw","6","features/planner/hooks/usePlannerWorkspace.ts; features/planner/lib/editorTools.ts; features/planner/ui/LayersPanel.tsx; tests/planner-lib-editorTools.test.ts; tests/planner-lib-measurements.test.ts","features/planner/lib/measurements.ts","","","",""
"features/planner/store/catalogData.ts","Planner","false-positive","Marker is descriptive terminology, API annotation, or unrelated compatibility note","legacy","15","app/api/admin/analytics/route.ts; app/api/admin/catalog/route.ts; features/planner/catalog/placementCatalogResolver.ts; features/planner/lib/aiService.ts; features/planner/store/aiStore.ts; features/planner/store/index.ts; tests/planner-catalog.test.ts; tests/planner-store-catalogData.test.ts","features/planner/catalog/catalogBlockBridge.ts; features/planner/catalog/furnitureBlocks2d.ts; features/planner/catalog/placementCatalogResolver.ts; features/planner/lib/aiService.ts; features/planner/lib/finishVariants.ts; features/planner/lib/parametricBlocks.ts; features/planner/store/catalogHelpers.ts","","features/planner/store/catalogHelpers.ts","",""
"features/planner/store/plannerCatalog.ts","Planner","compatibility","Active read/migration adapter preserves legacy data compatibility","legacy","3","features/planner/catalog/plannerCatalog.ts; features/planner/store/index.ts; tests/planner-store-plannerCatalog.test.ts","","","features/catalog/getProducts.ts; features/planner/store/plannerCatalogCore.ts; features/planner/store/plannerManagedProducts.ts","",""
"features/planner/store/plannerCatalogCore.ts","Planner","compatibility","Active read/migration adapter preserves legacy data compatibility","legacy","4","features/planner/store/plannerCatalog.ts; tests/planner-store-plannerCatalog.test.ts","features/planner/store/plannerManagedProducts.ts; features/planner/store/plannerManagedProductsShared.ts","","lib/assetPaths.ts","features/catalog/getProducts.ts; features/planner/shared/catalog/types.ts",""
"features/planner/store/plannerManagedProductsShared.ts","Planner","compatibility","Active read/migration adapter preserves legacy data compatibility","legacy","5","app/api/admin/catalog/[id]/route.ts; app/api/admin/catalog/route.ts; features/planner/store/plannerManagedProducts.client.ts; features/planner/store/plannerManagedProducts.ts; tests/planner-store-plannerManagedProducts.test.ts","","","features/planner/model/index.ts","features/planner/store/plannerCatalogCore.ts",""
"features/planner/store/plannerPersistence.ts","Planner","false-positive","Marker is descriptive terminology, API annotation, or unrelated compatibility note","legacy","11","app/(site)/portal/page.tsx; app/api/admin/analytics/route.ts; app/api/admin/plans/[id]/route.ts; app/api/admin/plans/route.ts; features/planner/store/index.ts; features/planner/store/plannerSaves.ts; features/planner/store/syncQueueProcessor.ts; tests/planner-store-plannerPersistence.test.ts; tests/planner-store-plannerSaves.test.ts; tests/planner-store-syncQueueProcessor.test.ts; tests/plannerPersistence.test.ts","","","features/planner/model/plannerDocument.ts; platform/drizzle/db.ts; platform/drizzle/schema.ts","features/planner/model/plannerDocument.ts",""
"features/planner/store/plannerStore.ts","Planner","false-positive","Marker is descriptive terminology, API annotation, or unrelated compatibility note","deprecated; legacy","18","features/planner/editor/PlannerWorkspace.tsx; features/planner/index.ts; features/planner/shared/components/editor/Toolbar.tsx; features/planner/store/index.ts; tests/planner-store-plannerStore.test.ts","features/planner/lib/aiService.ts; features/planner/lib/projectIndex.ts; features/planner/shared/components/editor/Toolbar.tsx; features/planner/store/floorTemplates.ts; features/planner/store/plannerEntityFactories.ts; features/planner/store/plannerFurnitureOrdering.ts; features/planner/store/plannerMutationUtils.ts; features/planner/store/plannerProjectData.ts; features/planner/store/plannerSelectionUtils.ts; features/planner/store/plannerStateUtils.ts; features/planner/store/plannerStoreGeometry.ts; features/planner/store/plannerStoreSupport.ts; features/planner/store/plannerWallEditUtils.ts","","features/planner/store/plannerFurnitureStore.ts; features/planner/store/plannerGeometryStore.ts; features/planner/store/plannerHistoryStore.ts; features/planner/store/plannerProjectStore.ts; features/planner/store/plannerTypes.ts; features/planner/store/plannerUIStore.ts","features/planner/lib/lightingPresets.ts; features/planner/store/floorTemplates.ts; features/planner/store/plannerStoreSupport.ts; features/planner/store/plannerTypes.ts",""
"features/planner/store/plannerStoreGeometry.ts","Planner","compatibility","Deprecated forwarding surface retained for import compatibility","deprecated; legacy","3","features/planner/store/plannerGeometryStore.ts; tests/planner-geometry.test.ts; tests/planner-store-utils.test.ts","","","","features/planner/store/plannerStore.ts",""
"features/planner/store/plannerTypes.ts","Planner","stale","tldraw-era contract/comment remains in a referenced module","tldraw","17","features/planner/store/plannerGeometryStore.ts; features/planner/store/plannerStore.ts; tests/planner-store-utils.test.ts","features/planner/index.ts; features/planner/store/plannerDebouncedUndo.ts; features/planner/store/plannerFurnitureStore.ts; features/planner/store/plannerGeometryStore.ts; features/planner/store/plannerHistoryStore.ts; features/planner/store/plannerProjectStorage.ts; features/planner/store/plannerProjectStore.ts; features/planner/store/plannerStore.ts; features/planner/store/plannerUIStore.ts; features/planner/viewer/plannerSceneSync.ts; tests/planner-store-plannerFurnitureStore.test.ts; tests/planner-store-plannerProjectStore.test.ts; tests/planner-store-plannerStore.test.ts; tests/planner-store-utils.test.ts","","","features/planner/lib/lightingPresets.ts; features/planner/store/floorTemplates.ts; features/planner/store/plannerStoreSupport.ts",""
"features/planner/store/templates.ts","Planner","compatibility","Deprecated forwarding surface retained for import compatibility","deprecated","1","tests/planner-store-reexports.test.ts","","","features/planner/store/floorTemplates.ts","",""
"features/planner/templates/index.ts","Planner","compatibility","Deprecated forwarding surface retained for import compatibility","deprecated","0","","","","features/planner/templates/layoutTemplates.ts","",""
"features/planner/ui/LayersPanel.tsx","Planner","stale","Legacy/stub implementation is still referenced and requires migration","@ts-nocheck; legacy; stub; tldraw","2","features/planner/ui/PlannerDesktopPanels.tsx; features/planner/ui/PlannerMobilePanels.tsx","","","features/planner/lib/measurements.ts; features/planner/shared/types/legacyEditorStub.ts","features/planner/shared/types/planner.ts",""
"features/planner/ui/PlannerSessionDialog.tsx","Planner","compatibility","Active read/migration adapter preserves legacy data compatibility","legacy","3","features/planner/editor/PlannerWorkspace.tsx","features/planner/hooks/usePlannerSession.ts; tests/planner-hooks-usePlannerSession.test.tsx","","","features/planner/model/index.ts",""
"features/planner/ui/PlannerSkeleton.tsx","Planner","canonical","Active implementation; marker does not identify a competing owner","","2","features/planner/editor/PlannerWorkspace.tsx; features/planner/ui/PlannerWorkspaceRoute.tsx","","","","",""
"features/planner/viewer/PlannerViewer.tsx","Planner","compatibility","Deprecated forwarding surface retained for import compatibility","deprecated","9","features/planner/editor/PlannerWorkspace.tsx","features/planner/canvas-fabric/fabricToViewerShapes.ts; features/planner/editor/PlannerWorkspace.tsx; features/planner/editor/plannerShapeFactories.ts; features/planner/viewer/FixtureMeshes.tsx; features/planner/viewer/InstancedFurnitureRenderer.tsx; features/planner/viewer/plannerSceneSync.ts; features/planner/viewer/viewerFraming.ts; tests/planner-viewerMaterials.test.ts","","features/planner/viewer/FixtureMeshes.tsx; features/planner/viewer/InstancedFurnitureRenderer.tsx; features/planner/viewer/SceneEnvironment.tsx; features/planner/viewer/ShadowConfig.tsx; features/planner/viewer/viewerFraming.ts","features/planner/catalog/catalogTypes.ts",""
"features/planner/viewer/ShadowConfig.tsx","Planner","false-positive","Marker is descriptive terminology, API annotation, or unrelated compatibility note","deprecated","1","features/planner/viewer/PlannerViewer.tsx","","","","",""
"platform/appwrite/CONTENTS.md","Platform","protected","Repository rules require approval before modification","legacy","0","","","","","",""
"platform/CONTENTS.md","Platform","protected","Repository rules require approval before modification","legacy","0","","","","","",""
"platform/drizzle/db.ts","Platform","protected","Repository rules require approval before modification","legacy","11","app/(site)/products/[category]/[product]/page.tsx; app/(site)/products/[category]/page.tsx; app/api/tracking/route.ts; features/crm/businessStats.ts; features/planner/store/plannerPersistence.ts; lib/audit/auditRepository.ts; lib/catalog/catalogTree.ts; lib/catalog/productStaticParams.ts; lib/catalog/sources.ts; lib/productDataTables.ts; lib/productSlugResolver.ts","","","","",""
"platform/drizzle/schema.ts","Platform","protected","Repository rules require approval before modification","tldraw","2","features/planner/store/plannerPersistence.ts; lib/audit/auditRepository.ts","","","","",""
"platform/supabase/functions/assistant-chat/index.ts","Platform","protected","Repository rules require approval before modification","@ts-nocheck","0","","","","","",""
"public/cdn/vendor/basis-universal/2021-04-15-ba1c3e4/basis_transcoder.js","Public asset","false-positive","Marker is descriptive terminology, API annotation, or unrelated compatibility note","legacy","0","","","","","",""
"public/cdn/vendor/draco/1.5.6/draco_decoder.js","Public asset","false-positive","Marker is descriptive terminology, API annotation, or unrelated compatibility note","deprecated","0","","","","","",""
"public/cdn/vendor/draco/1.5.6/draco_wasm_wrapper.js","Public asset","false-positive","Marker is descriptive terminology, API annotation, or unrelated compatibility note","deprecated","0","","","","","",""
"public/cdn/vendor/model-viewer@4.3.1/model-viewer.min.js","Public asset","false-positive","Marker is descriptive terminology, API annotation, or unrelated compatibility note","deprecated; legacy","0","","","","","",""
"public/CONTENTS.md","Public asset","stale","tldraw-era contract/comment is unreferenced","tldraw","0","","","","","",""
"AGENTS.md","Root","stale","tldraw-era contract/comment is unreferenced","legacy; tldraw","0","","","","","",""
"proxy.ts","Root","protected","Repository rules require approval before modification","legacy; tldraw","0","","","","lib/auth/constants.ts","",""
"Readme.md","Root","canonical","Active implementation; marker does not identify a competing owner","tldraw","0","","","","","",""
"repo-audit-detailed.md","Root","stale","Legacy/stub implementation has no resolved active-source importer","deprecated; disabled until; not yet available; stub; tldraw","0","","","","","",""
"REPOSITORY-CONSOLIDATION-PLAN.md","Root","compatibility","Deprecated forwarding surface retained for import compatibility","","0","","","","","",""
"app/(site)/portal/[id]/page.tsx","Routes and CSS","false-positive","Marker is descriptive terminology, API annotation, or unrelated compatibility note","stub","0","","","","features/planner/portal/PortalPlanPageView.tsx; features/planner/store/plannerSaves.ts; lib/auth/session.ts","",""
"app/(site)/products/category/[slug]/page.tsx","Routes and CSS","false-positive","Marker is descriptive terminology, API annotation, or unrelated compatibility note","legacy","0","","","","app/(site)/products/[category]/CategoryPageView.tsx; features/catalog/categories.ts","",""
"features/shared/auth/components/SignupPage.tsx","Shared feature","false-positive","Marker is descriptive terminology, API annotation, or unrelated compatibility note","legacy","1","tests/shared-auth-components-SignupPage.test.tsx","","","features/shared/auth/components/AuthControls.tsx; features/shared/auth/components/AuthShell.tsx; features/shared/auth/components/ResendVerificationButton.tsx; features/shared/auth/lib/humanizeAuthError.ts; lib/supabase/client.ts","",""
"features/shared/catalog/types.ts","Shared feature","false-positive","Marker is descriptive terminology, API annotation, or unrelated compatibility note","legacy","2","features/shared/catalog/index.ts","features/shared/quotes/types.ts","","","",""
"lib/assetPaths.ts","Shared infrastructure","compatibility","Active read/migration adapter preserves legacy data compatibility","legacy","11","app/(site)/compare/page.tsx; app/(site)/products/[category]/FilterGrid.helpers.ts; app/(site)/products/[category]/[product]/page.tsx; app/(site)/quote-cart/page.tsx; features/catalog/specSchema.ts; features/planner/catalog/plannerCatalogCore.ts; features/planner/store/plannerCatalogCore.ts; lib/catalog/adapters.ts; lib/helpers/images.ts; lib/productDataTables.ts; tests/site-catalog-specSchema.test.ts","","","","",""
"lib/auth/plannerSession.ts","Shared infrastructure","false-positive","Marker is descriptive terminology, API annotation, or unrelated compatibility note","legacy","1","app/planner/(workspace)/canvas/page.tsx","","","lib/auth/constants.ts; lib/auth/plannerRedirect.ts; lib/auth/session.ts; platform/appwrite/client.ts","",""
"lib/catalog/blocks2d.ts","Shared infrastructure","false-positive","Marker is descriptive terminology, API annotation, or unrelated compatibility note","legacy","9","features/planner/catalog/CatalogBlockPreview.tsx; features/planner/catalog/catalogBlockBridge.ts; features/planner/catalog/renderBlockPrims.tsx; scripts/catalog-preview.ts; tests/catalog-blocks2d.test.ts; tests/planner-buildBlock2D.test.ts; tests/planner-svg-qa.test.ts","features/planner/catalog/renderBlockPrims.tsx; lib/catalog/surface2d5.ts","","lib/catalog/geometry.ts; lib/catalog/resolveBlockColors.ts; lib/catalog/surface2d5.ts","lib/catalog/types.ts",""
"lib/catalog/geometry.ts","Shared infrastructure","false-positive","Marker is descriptive terminology, API annotation, or unrelated compatibility note","legacy","3","lib/catalog/blocks2d.ts; tests/catalog-geometry.test.ts; tests/catalog-seed.test.ts","","","","lib/catalog/types.ts",""
"lib/configurator/smartWizardConstants.ts","Shared infrastructure","false-positive","Marker is descriptive terminology, API annotation, or unrelated compatibility note","legacy","2","lib/configurator/smartWizard.impl.ts; tests/site-configurator-constants.test.ts","","","","",""
"lib/productSlugResolver.ts","Shared infrastructure","false-positive","Marker is descriptive terminology, API annotation, or unrelated compatibility note","legacy","1","app/(site)/products/[category]/[product]/page.tsx","","","data/site/fallbacks.ts; lib/catalog/fallback.ts; platform/drizzle/db.ts; platform/supabase/safe.ts","",""
"lib/tracking/anonymousUserId.ts","Shared infrastructure","false-positive","Marker is descriptive terminology, API annotation, or unrelated compatibility note","legacy","4","app/(site)/products/[category]/[product]/ProductViewer.tsx; app/api/recommendations/route.ts; app/api/tracking/route.ts; lib/hooks/useRecommendations.ts","","","","",""
"data/site/productSuite.ts","Static data","false-positive","Marker is descriptive terminology, API annotation, or unrelated compatibility note","legacy","3","data/site/navigation.ts; features/shared/entry/ChooseProductPage.tsx; tests/site-data-misc.test.ts","","","","",""
"tests/catalog-geometry.test.ts","Tests","false-positive","Marker is descriptive terminology, API annotation, or unrelated compatibility note","legacy","0","","","","lib/catalog/geometry.ts","lib/catalog/types.ts",""
"tests/catalog-productStaticParams.test.ts","Tests","false-positive","Marker is descriptive terminology, API annotation, or unrelated compatibility note","legacy","0","","","","lib/catalog/productStaticParams.ts","",""
"tests/catalog-sources.test.ts","Tests","false-positive","Marker is descriptive terminology, API annotation, or unrelated compatibility note","stub","0","","","","lib/catalog/fallback.ts; lib/catalog/sources.ts","",""
"tests/INVENTORY.md","Tests","stale","tldraw-era contract/comment is unreferenced","tldraw","0","","","","","",""
"tests/lib-ui-selfHostedAssetUrls.test.ts","Tests","false-positive","Marker is descriptive terminology, API annotation, or unrelated compatibility note","stub","0","","","","lib/ui/selfHostedAssetUrls.ts","",""
"tests/plannerAutosaveIdentity.test.tsx","Tests","false-positive","Marker is descriptive terminology, API annotation, or unrelated compatibility note","legacy","0","","","","features/planner/hooks/usePlannerAutosave.ts; features/planner/persistence/persistence.ts","","app/planner/(workspace)/canvas/page.tsx"
"tests/plannerCanvasHelpers.ts","Tests","stale","tldraw-era contract/comment remains in a referenced module","tldraw","2","tests/planner-chrome.spec.ts; tests/planner-custom-tools.spec.ts","","","","",""
"tests/planner-catalogBlockBridge.test.ts","Tests","false-positive","Marker is descriptive terminology, API annotation, or unrelated compatibility note","legacy","0","","","","features/planner/catalog/catalogBlockBridge.ts; features/planner/catalog/workspaceCatalog.ts","features/planner/catalog/catalogTypes.ts",""
"tests/planner-catalog-managedProducts.test.ts","Tests","compatibility","Active read/migration adapter preserves legacy data compatibility","legacy","0","","","","features/planner/catalog/plannerManagedProducts.client.ts; features/planner/catalog/plannerManagedProducts.ts; features/planner/catalog/plannerManagedProductsShared.ts","",""
"tests/planner-catalog-placementCatalogResolver.test.ts","Tests","compatibility","Active read/migration adapter preserves legacy data compatibility","legacy","0","","","","features/planner/catalog/placementCatalogResolver.ts; features/planner/catalog/workspaceCatalog.ts","",""
"tests/planner-catalog-plannerCatalogCore.test.ts","Tests","compatibility","Active read/migration adapter preserves legacy data compatibility","legacy","0","","","","features/planner/catalog/plannerCatalogCore.ts","lib/getProducts.ts",""
"tests/planner-catalog-shapeTypeRegistry.test.ts","Tests","false-positive","Marker is descriptive terminology, API annotation, or unrelated compatibility note","legacy","0","","","","features/planner/catalog/shapeTypeRegistry.ts","",""
"tests/planner-chrome.spec.ts","Tests","false-positive","Marker is descriptive terminology, API annotation, or unrelated compatibility note","legacy","0","","","","tests/guestProjectSetup.ts; tests/plannerCanvasHelpers.ts","",""
"tests/planner-chrome-layout.test.ts","Tests","false-positive","Marker is descriptive terminology, API annotation, or unrelated compatibility note","legacy","0","","","","features/planner/editor/chrome/plannerChromeLayout.ts; features/planner/editor/chrome/plannerChromeStorage.ts","",""
"tests/planner-editor-BlueprintPanel.test.tsx","Tests","false-positive","Marker is descriptive terminology, API annotation, or unrelated compatibility note","stub","0","","","","features/planner/editor/BlueprintPanel.tsx; features/planner/store/workspaceStore.ts","",""
"tests/planner-editor-ExportModal.test.tsx","Tests","false-positive","Marker is descriptive terminology, API annotation, or unrelated compatibility note","stub","0","","","","features/planner/editor/ExportModal.tsx; tests/planner-fabric-mockRuntime.ts","","features/planner/editor/exportActions.ts"
"tests/planner-editor-plannerChromeDock.test.ts","Tests","false-positive","Marker is descriptive terminology, API annotation, or unrelated compatibility note","legacy","0","","","","features/planner/editor/chrome/plannerChromeStorage.ts; features/planner/editor/plannerChromeDock.ts","",""
"tests/planner-editor-PlannerHistoryControls.test.tsx","Tests","false-positive","Marker is descriptive terminology, API annotation, or unrelated compatibility note","stub","0","","","","features/planner/editor/PlannerHistoryControls.tsx","",""
"tests/planner-editor-pure.test.ts","Tests","false-positive","Marker is descriptive terminology, API annotation, or unrelated compatibility note","legacy; stub","0","","","","features/planner/editor/blueprintCanvasTransform.ts; features/planner/editor/blueprintImport.ts; features/planner/editor/blueprintPdfSession.ts; features/planner/editor/blueprintTraceGuide.ts; features/planner/editor/blueprintTransform.ts; features/planner/editor/layerManagerUiState.ts; features/planner/editor/layerVisibility.ts; features/planner/editor/planMetrics.ts; features/planner/editor/plannerKeyboardShortcuts.ts; features/planner/editor/plannerStep.ts; features/planner/editor/plannerStepBindings.ts; features/planner/editor/resetPlannerCanvas.ts; tests/planner-fabric-mockRuntime.ts","",""
"tests/planner-hooks-usePlannerUiState.test.tsx","Tests","false-positive","Marker is descriptive terminology, API annotation, or unrelated compatibility note","stub","0","","","","features/planner/hooks/usePlannerUiState.ts","",""
"tests/planner-layerVisibility.test.ts","Tests","false-positive","Marker is descriptive terminology, API annotation, or unrelated compatibility note","legacy","0","","","","features/planner/editor/layerVisibility.ts; tests/planner-fabric-mockRuntime.ts","features/planner/store/workspaceStore.ts",""
"tests/planner-lib-documentBridge.test.ts","Tests","stale","tldraw-era contract/comment is unreferenced","legacy; tldraw","0","","","","features/planner/lib/documentBridge.ts; features/planner/model/index.ts; tests/planner-fabric-mockRuntime.ts","",""
"tests/planner-lib-editorTools.test.ts","Tests","false-positive","Marker is descriptive terminology, API annotation, or unrelated compatibility note","legacy; stub","0","","","","features/planner/lib/editorTools.ts; features/planner/shared/types/legacyEditorStub.ts","",""
"tests/planner-lib-measurements.test.ts","Tests","false-positive","Marker is descriptive terminology, API annotation, or unrelated compatibility note","legacy; stub","0","","","","features/planner/lib/measurements.ts; features/planner/shared/types/legacyEditorStub.ts","",""
"tests/planner-lib-vectorPdfExport.test.ts","Tests","false-positive","Marker is descriptive terminology, API annotation, or unrelated compatibility note","stub","0","","","","features/planner/lib/vectorPdfExport.ts","",""
"tests/planner-model-plannerDocument.test.ts","Tests","compatibility","Active read/migration adapter preserves legacy data compatibility","legacy; tldraw","0","","","","features/planner/model/plannerDocument.ts","",""
"tests/planner-model-plannerDocumentLogging.test.ts","Tests","compatibility","Active read/migration adapter preserves legacy data compatibility","tldraw","0","","","","features/planner/model/plannerDocument.ts; features/planner/model/plannerDocumentLogging.ts","",""
"tests/planner-model-plannerIdentity.test.ts","Tests","stale","tldraw-era contract/comment is unreferenced","tldraw","0","","","","features/planner/model/plannerIdentity.ts","",""
"tests/planner-model-plannerJsonSafe.test.ts","Tests","compatibility","Active read/migration adapter preserves legacy data compatibility","tldraw","0","","","","features/planner/model/plannerDocument.ts; features/planner/model/plannerJsonSafe.ts","",""
"tests/planner-shapeTypeRegistry.test.ts","Tests","compatibility","Active read/migration adapter preserves legacy data compatibility","legacy","0","","","","features/planner/catalog/shapeTypeRegistry.ts","",""
"tests/planner-store-offlineStorage.test.ts","Tests","false-positive","Marker is descriptive terminology, API annotation, or unrelated compatibility note","stub","0","","","","features/planner/model/plannerDocument.ts; features/planner/store/offlineStorage.ts","",""
"tests/planner-store-plannerCatalog.test.ts","Tests","compatibility","Active read/migration adapter preserves legacy data compatibility","legacy","0","","","","features/planner/store/plannerCatalog.ts; features/planner/store/plannerCatalogCore.ts","features/catalog/getProducts.ts",""
"tests/planner-store-plannerManagedProducts.test.ts","Tests","compatibility","Active read/migration adapter preserves legacy data compatibility","legacy","0","","","","features/planner/store/plannerManagedProducts.client.ts; features/planner/store/plannerManagedProductsShared.ts","",""
"tests/planner-store-plannerProjectData.test.ts","Tests","false-positive","Marker is descriptive terminology, API annotation, or unrelated compatibility note","legacy","0","","","","features/planner/store/plannerProjectData.ts","",""
"tests/planner-store-plannerProjectStorage.test.ts","Tests","false-positive","Marker is descriptive terminology, API annotation, or unrelated compatibility note","legacy","0","","","","features/planner/store/plannerProjectStorage.ts","",""
"tests/planner-store-plannerProjectStore-migration.test.ts","Tests","false-positive","Marker is descriptive terminology, API annotation, or unrelated compatibility note","legacy","0","","","","","","features/planner/store/plannerProjectStore.ts"
"tests/planner-store-plannerStore.test.ts","Tests","false-positive","Marker is descriptive terminology, API annotation, or unrelated compatibility note","stub","0","","","","features/planner/store/plannerStore.ts","features/planner/store/plannerTypes.ts",""
"tests/planner-store-reexports.test.ts","Tests","false-positive","Marker is descriptive terminology, API annotation, or unrelated compatibility note","deprecated","0","","","","features/planner/store/floorTemplates.ts; features/planner/store/templates.ts; features/planner/store/versionStore.ts","",""
"tests/planner-toolRailGroups.test.ts","Tests","stale","tldraw-era contract/comment is unreferenced","tldraw","0","","","","features/planner/editor/PlannerToolRail.tsx","",""
"tests/shared-auth-components-SignupPage.test.tsx","Tests","false-positive","Marker is descriptive terminology, API annotation, or unrelated compatibility note","legacy","0","","","","features/shared/auth/components/SignupPage.tsx","",""
"tests/shared-shell-GlobalNavHeader.test.tsx","Tests","false-positive","Marker is descriptive terminology, API annotation, or unrelated compatibility note","legacy","0","","","","features/shared/shell/GlobalNavHeader.tsx","",""
"tests/site-catalog-categories.test.ts","Tests","false-positive","Marker is descriptive terminology, API annotation, or unrelated compatibility note","legacy","0","","","","features/catalog/categories.ts","features/catalog/getProducts.ts",""
"tests/site-catalog-filters.test.ts","Tests","compatibility","Active read/migration adapter preserves legacy data compatibility","legacy","0","","","","features/catalog/filters.ts","",""
"tests/site-catalog-imageMetadata.test.ts","Tests","false-positive","Marker is descriptive terminology, API annotation, or unrelated compatibility note","legacy","0","","","","features/catalog/imageMetadata.ts","",""
"tests/site-catalog-slugResolver.test.ts","Tests","compatibility","Active read/migration adapter preserves legacy data compatibility","legacy","0","","","","features/catalog/slugResolver.ts","",""
"tests/site-catalog-specSchema.test.ts","Tests","false-positive","Marker is descriptive terminology, API annotation, or unrelated compatibility note","legacy","0","","","","features/catalog/specSchema.ts; lib/assetPaths.ts","features/catalog/getProducts.ts",""
"scripts/analyze-coverage-gap.mjs","Tooling","stale","tldraw-era contract/comment is unreferenced","tldraw","0","","","","","",""
"scripts/analyze-coverage-report.mjs","Tooling","stale","tldraw-era contract/comment is unreferenced","tldraw","0","","","","scripts/coverage-metrics.mjs","",""
"scripts/arrange_supabase_catalog_assets.ts","Tooling","false-positive","Marker is descriptive terminology, API annotation, or unrelated compatibility note","legacy","0","","","","","",""
"scripts/audit_slug_id_integrity.ts","Tooling","false-positive","Marker is descriptive terminology, API annotation, or unrelated compatibility note","legacy","0","","","","","",""
"scripts/audit_supabase_admin.ts","Tooling","false-positive","Marker is descriptive terminology, API annotation, or unrelated compatibility note","legacy","0","","","","","",""
"scripts/auditCdnAssetFailures.ts","Tooling","false-positive","Marker is descriptive terminology, API annotation, or unrelated compatibility note","legacy","0","","","","scripts/lib/cdnAssetResolver.ts","",""
"scripts/backfill_canonical_catalog_metadata.ts","Tooling","false-positive","Marker is descriptive terminology, API annotation, or unrelated compatibility note","legacy","0","","","","","",""
"scripts/clean-3105.mjs","Tooling","false-positive","Marker is descriptive terminology, API annotation, or unrelated compatibility note","legacy","0","","","","","",""
"scripts/db_backup_dropped_tables.ts","Tooling","false-positive","Marker is descriptive terminology, API annotation, or unrelated compatibility note","legacy","0","","","","","",""
"scripts/db_ensure_plans_table.ts","Tooling","false-positive","Marker is descriptive terminology, API annotation, or unrelated compatibility note","legacy","0","","","","","",""
"scripts/generate-contents-md.mjs","Tooling","stale","Legacy/stub implementation has no resolved active-source importer","legacy; tldraw","0","","","","","",""
"scripts/generate-route-classification.mjs","Tooling","false-positive","Marker is descriptive terminology, API annotation, or unrelated compatibility note","legacy","0","","","","","",""
"scripts/generate-test-inventory.mjs","Tooling","stale","tldraw-era contract/comment is unreferenced","tldraw","0","","","","scripts/lib/vitest-excludes.mjs","",""
"scripts/lib/cdnAssetResolver.ts","Tooling","false-positive","Marker is descriptive terminology, API annotation, or unrelated compatibility note","legacy","3","scripts/auditCdnAssetFailures.ts; scripts/auditUnresolvedCdnPaths.ts; scripts/downloadCdnAssets.ts","","","","",""
"scripts/render-catalog-qa-sheet.ts","Tooling","stale","tldraw-era contract/comment is unreferenced","tldraw","0","","","","scripts/blockRenderUtils.ts","",""
"scripts/render-three-blocks.ts","Tooling","stale","tldraw-era contract/comment is unreferenced","tldraw","0","","","","scripts/blockRenderUtils.ts","",""
"scripts/shoot-routes.mjs","Tooling","stale","tldraw-era contract/comment is unreferenced","tldraw","0","","","","","",""
"scripts/syncVendorCdnAssets.mjs","Tooling","stale","tldraw-era contract/comment is unreferenced","tldraw","0","","","","","",""
"scripts/tldraw-coverage-report.mjs","Tooling","stale","tldraw-era contract/comment is unreferenced","tldraw","0","","","","","",""
"scripts/uploadCdnAssets.ts","Tooling","stale","tldraw-era contract/comment is unreferenced","tldraw","0","","","","scripts/lib/r2Catalog.ts","",""
